[
    {
        "Rank": 1,
        "Uniform": 30,
        "Name": "Brett Anderson",
        "Nationality": "us US",
        "Age": 30,
        "Bat": "L",
        "Throw": "L",
        "Height": "6' 3",
        "Weight": 230,
        "Date of Birth": "Feb 1 1988",
        "First Year": 2007
    },
    {
        "Rank": 2,
        "Uniform": 16,
        "Name": "Liam Hendriks",
        "Nationality": "au AU",
        "Age": 29,
        "Bat": "R",
        "Throw": "R",
        "Height": "6' 0",
        "Weight": 200,
        "Date of Birth": "Feb 10 1989",
        "First Year": 2007
    },
    {
        "Rank": 3,
        "Uniform": 37,
        "Name": "Edwin Jackson",
        "Nationality": "de DE",
        "Age": 34,
        "Bat": "R",
        "Throw": "R",
        "Height": "6' 2",
        "Weight": 215,
        "Date of Birth": "Sep 9 1983",
        "First Year": 2001
    },
    {
        "Rank": 4,
        "Uniform": 31,
        "Name": "Shawn Kelley",
        "Nationality": "us US",
        "Age": 34,
        "Bat": "R",
        "Throw": "R",
        "Height": "6' 2",
        "Weight": 237,
        "Date of Birth": "Apr 26 1984",
        "First Year": 2007
    },
    {
        "Rank": 5,
        "Uniform": 63,
        "Name": "Dean Kiekhefer",
        "Nationality": "us US",
        "Age": 29,
        "Bat": "L",
        "Throw": "L",
        "Height": "6' 0",
        "Weight": 175,
        "Date of Birth": "Jun 7 1989",
        "First Year": 2010
    },
    {
        "Rank": 6,
        "Uniform": 57,
        "Name": "J.B. Wendelken",
        "Nationality": "us US",
        "Age": 25,
        "Bat": "R",
        "Throw": "R",
        "Height": "6' 0",
        "Weight": 220,
        "Date of Birth": "Mar 24 1993",
        "First Year": 2012
    },
    {
        "Rank": 7,
        "Uniform": 33,
        "Name": "Daniel Mengden",
        "Nationality": "us US",
        "Age": 25,
        "Bat": "R",
        "Throw": "R",
        "Height": "6' 2",
        "Weight": 190,
        "Date of Birth": "Feb 19 1993",
        "First Year": 2014
    },
    {
        "Rank": 8,
        "Uniform": 47,
        "Name": "Frankie Montas",
        "Nationality": "do DO",
        "Age": 25,
        "Bat": "R",
        "Throw": "R",
        "Height": "6' 2",
        "Weight": 255,
        "Date of Birth": "Mar 21 1993",
        "First Year": 2010
    },
    {
        "Rank": 9,
        "Uniform": 15,
        "Name": "Emilio Pagan",
        "Nationality": "us US",
        "Age": 27,
        "Bat": "L",
        "Throw": "R",
        "Height": "6' 3",
        "Weight": 210,
        "Date of Birth": "May 7 1991",
        "First Year": 2013
    },
    {
        "Rank": 10,
        "Uniform": 36,
        "Name": "Yusmeiro Petit",
        "Nationality": "ve VE",
        "Age": 33,
        "Bat": "R",
        "Throw": "R",
        "Height": "6' 1",
        "Weight": 255,
        "Date of Birth": "Nov 22 1984",
        "First Year": 2003
    },
    {
        "Rank": 11,
        "Uniform": 56,
        "Name": "Fernando Rodney",
        "Nationality": "do DO",
        "Age": 41,
        "Bat": "R",
        "Throw": "R",
        "Height": "5' 11",
        "Weight": 230,
        "Date of Birth": "Mar 18 1977",
        "First Year": 1999
    },
    {
        "Rank": 12,
        "Uniform": 39,
        "Name": "Blake Treinen",
        "Nationality": "us US",
        "Age": 30,
        "Bat": "R",
        "Throw": "R",
        "Height": "6' 5",
        "Weight": 225,
        "Date of Birth": "Jun 30 1988",
        "First Year": 2011
    },
    {
        "Rank": 13,
        "Uniform": 62,
        "Name": "Lou Trivino",
        "Nationality": "us US",
        "Age": 26,
        "Bat": "R",
        "Throw": "R",
        "Height": "6' 5",
        "Weight": 225,
        "Date of Birth": "Oct 1 1991",
        "First Year": 2013
    },
    {
        "Rank": 14,
        "Uniform": 44,
        "Name": "Chris Hatcher",
        "Nationality": "us US",
        "Age": 33,
        "Bat": "S",
        "Throw": "R",
        "Height": "6' 1",
        "Weight": 200,
        "Date of Birth": "Jan 12 1985",
        "First Year": 2006
    },
    {
        "Rank": 15,
        "Uniform": 61,
        "Name": "Cory Gearrin",
        "Nationality": "us US",
        "Age": 32,
        "Bat": "R",
        "Throw": "R",
        "Height": "6' 1",
        "Weight": 205,
        "Date of Birth": "Apr 14 1986",
        "First Year": 2007
    },
    {
        "Rank": 16,
        "Uniform": 52,
        "Name": "Ryan Buchter",
        "Nationality": "us US",
        "Age": 31,
        "Bat": "L",
        "Throw": "L",
        "Height": "6' 4",
        "Weight": 258,
        "Date of Birth": "Feb 13 1987",
        "First Year": 2006
    },
    {
        "Rank": 17,
        "Uniform": 35,
        "Name": "Aaron Brooks",
        "Nationality": "us US",
        "Age": 28,
        "Bat": "R",
        "Throw": "R",
        "Height": "6' 4",
        "Weight": 225,
        "Date of Birth": "Apr 27 1990",
        "First Year": 2011
    },
    {
        "Rank": 18,
        "Uniform": 53,
        "Name": "Trevor Cahill",
        "Nationality": "us US",
        "Age": 30,
        "Bat": "R",
        "Throw": "R",
        "Height": "6' 4",
        "Weight": 240,
        "Date of Birth": "Mar 1 1988",
        "First Year": 2006
    },
    {
        "Rank": 19,
        "Uniform": 66,
        "Name": "Ryan Dull",
        "Nationality": "us US",
        "Age": 28,
        "Bat": "R",
        "Throw": "R",
        "Height": "5' 9",
        "Weight": 175,
        "Date of Birth": "Oct 2 1989",
        "First Year": 2012
    },
    {
        "Rank": 20,
        "Uniform": 32,
        "Name": "Jeurys Familia",
        "Nationality": "do DO",
        "Age": 28,
        "Bat": "R",
        "Throw": "R",
        "Height": "6' 3",
        "Weight": 240,
        "Date of Birth": "Oct 10 1989",
        "First Year": 2008
    },
    {
        "Rank": 21,
        "Uniform": 40,
        "Name": "Chris Bassitt",
        "Nationality": "us US",
        "Age": 29,
        "Bat": "R",
        "Throw": "R",
        "Height": "6' 5",
        "Weight": 220,
        "Date of Birth": "Feb 22 1989",
        "First Year": 2011
    },
    {
        "Rank": 22,
        "Uniform": 50,
        "Name": "Mike Fiers",
        "Nationality": "us US",
        "Age": 33,
        "Bat": "R",
        "Throw": "R",
        "Height": "6' 2",
        "Weight": 202,
        "Date of Birth": "Jun 15 1985",
        "First Year": 2009
    },
    {
        "Rank": 23,
        "Uniform": 46,
        "Name": "Beau Taylor",
        "Nationality": "us US",
        "Age": 28,
        "Bat": "L",
        "Throw": "R",
        "Height": "6' 0",
        "Weight": 205,
        "Date of Birth": "Feb 13 1990",
        "First Year": 2011
    },
    {
        "Rank": 24,
        "Uniform": 25,
        "Name": "Stephen Piscotty",
        "Nationality": "us US",
        "Age": 27,
        "Bat": "R",
        "Throw": "R",
        "Height": "6' 3",
        "Weight": 210,
        "Date of Birth": "Jan 14 1991",
        "First Year": 2012
    },
    {
        "Rank": 25,
        "Uniform": 18,
        "Name": "Chad Pinder",
        "Nationality": "us US",
        "Age": 26,
        "Bat": "R",
        "Throw": "R",
        "Height": "6' 2",
        "Weight": 195,
        "Date of Birth": "Mar 29 1992",
        "First Year": 2013
    },
    {
        "Rank": 26,
        "Uniform": 19,
        "Name": "Josh Phegley",
        "Nationality": "us US",
        "Age": 30,
        "Bat": "R",
        "Throw": "R",
        "Height": "5' 10",
        "Weight": 230,
        "Date of Birth": "Feb 12 1988",
        "First Year": 2009
    },
    {
        "Rank": 27,
        "Uniform": 1,
        "Name": "Franklin Barreto",
        "Nationality": "ve VE",
        "Age": 22,
        "Bat": "R",
        "Throw": "R",
        "Height": "5' 10",
        "Weight": 190,
        "Date of Birth": "Feb 27 1996",
        "First Year": 2013
    },
    {
        "Rank": 28,
        "Uniform": 10,
        "Name": "Marcus Semien",
        "Nationality": "us US",
        "Age": 27,
        "Bat": "R",
        "Throw": "R",
        "Height": "6' 0",
        "Weight": 195,
        "Date of Birth": "Sep 17 1990",
        "First Year": 2011
    },
    {
        "Rank": 29,
        "Uniform": 28,
        "Name": "Matt Olson",
        "Nationality": "us US",
        "Age": 24,
        "Bat": "L",
        "Throw": "R",
        "Height": "6' 5",
        "Weight": 230,
        "Date of Birth": "Mar 29 1994",
        "First Year": 2012
    },
    {
        "Rank": 30,
        "Uniform": 20,
        "Name": "Mark Canha",
        "Nationality": "us US",
        "Age": 29,
        "Bat": "R",
        "Throw": "R",
        "Height": "6' 2",
        "Weight": 210,
        "Date of Birth": "Feb 15 1989",
        "First Year": 2010
    },
    {
        "Rank": 31,
        "Uniform": 11,
        "Name": "Dustin Fowler",
        "Nationality": "us US",
        "Age": 23,
        "Bat": "L",
        "Throw": "L",
        "Height": "6' 0",
        "Weight": 195,
        "Date of Birth": "Dec 29 1994",
        "First Year": 2013
    },
    {
        "Rank": 32,
        "Uniform": 23,
        "Name": "Matthew Joyce",
        "Nationality": "us US",
        "Age": 33,
        "Bat": "L",
        "Throw": "R",
        "Height": "6' 2",
        "Weight": 205,
        "Date of Birth": "Aug 3 1984",
        "First Year": 2005
    },
    {
        "Rank": 33,
        "Uniform": 2,
        "Name": "Khris Davis",
        "Nationality": "us US",
        "Age": 30,
        "Bat": "R",
        "Throw": "R",
        "Height": "5' 10",
        "Weight": 195,
        "Date of Birth": "Dec 21 1987",
        "First Year": 2009
    },
    {
        "Rank": 34,
        "Uniform": 8,
        "Name": "Jed Lowrie",
        "Nationality": "us US",
        "Age": 34,
        "Bat": "S",
        "Throw": "R",
        "Height": "6' 0",
        "Weight": 180,
        "Date of Birth": "Apr 17 1984",
        "First Year": 2005
    },
    {
        "Rank": 35,
        "Uniform": 21,
        "Name": "Jonathan Lucroy",
        "Nationality": "us US",
        "Age": 32,
        "Bat": "R",
        "Throw": "R",
        "Height": "6' 0",
        "Weight": 200,
        "Date of Birth": "Jun 13 1986",
        "First Year": 2007
    },
    {
        "Rank": 36,
        "Uniform": 38,
        "Name": "Nick Martini",
        "Nationality": "us US",
        "Age": 28,
        "Bat": "L",
        "Throw": "L",
        "Height": "5' 11",
        "Weight": 205,
        "Date of Birth": "Jun 27 1990",
        "First Year": 2011
    },
    {
        "Rank": 37,
        "Uniform": 26,
        "Name": "Matt Chapman",
        "Nationality": "us US",
        "Age": 25,
        "Bat": "R",
        "Throw": "R",
        "Height": "6' 0",
        "Weight": 210,
        "Date of Birth": "Apr 28 1993",
        "First Year": 2014
    },
    {
        "Rank": 38,
        "Uniform": 22,
        "Name": "Ramon Laureano",
        "Nationality": "do DO",
        "Age": 23,
        "Bat": "R",
        "Throw": "R",
        "Height": "5' 11",
        "Weight": 185,
        "Date of Birth": "Jul 15 1994",
        "First Year": 2014
    },
    {
        "Rank": 39,
        "Uniform": 55,
        "Name": "Sean Manaea",
        "Nationality": "us US",
        "Age": 26,
        "Bat": "R",
        "Throw": "L",
        "Height": "6' 5",
        "Weight": 245,
        "Date of Birth": "Feb 1 1992",
        "First Year": 2014
    },
    {
        "Rank": 40,
        "Uniform": 0,
        "Name": "Jorge Mateo",
        "Nationality": "do DO",
        "Age": 23,
        "Bat": "R",
        "Throw": "R",
        "Height": "6' 0",
        "Weight": 190,
        "Date of Birth": "Jun 23 1995",
        "First Year": 2012
    }
]
