[
    {
        "title": "The Shawshank Redemption",
        "summary": "Two imprisoned men bond over a number of years.",
        "length": 142
    },
    {
        "title": "The Godfather",
        "summary": "The aging patriarch of an crime dynasty transfers control.",
        "length": 175
    },
    {
        "title": "The Dark Knight",
        "summary": "The menace known as the Joker emerges.",
        "length": 152
    },
    {
        "title": "The Godfather: Part II",
        "summary":"The early life and career of Vito Corleone in 1920s.",
        "length": 202
    },
    {
        "title": "The Room",
        "summary": "Johnny is a successful banker, and future-husband of Lisa.",
        "length": 99
    }
]
